brand,description,price
H&M,FLARED HIGH JEANS,329.0
H&M,WIDE HIGH JEANS,299.0
H&M,WIDE REGULAR JEANS,249.0
H&M,MOM SLIM FIT HIGH WAIST ANKLE JEANS,229.0
H&M,STRAIGHT HIGH JEANS,349.0
H&M,FLARED REGULAR JEANS,249.0
H&M,BARREL HIGH ANKLE JEANS,349.0
H&M,FLARED LOW JEANS,249.0
H&M,WIDE ULTRA HIGH JEANS,229.0
H&M,BELTED PAPER BAG JEANS,299.0
H&M,MOTIF-DETAIL HOODIE,549.0
H&M,PIMA COTTON TOP,249.0
H&M,PRINTED TOP,349.0
H&M,TWIST-DETAIL VEST TOP,199.0
H&M,SMOCKED TOP,159.0
H&M,TAILORED WAISTCOAT,199.0
H&M,DRAPED ONE-SHOULDER TOP,159.0
H&M,TWIST-DETAIL T-SHIRT,199.0
H&M,DRAPED JERSEY TOP,129.0
H&M,PUFF-SLEEVED TOP,299.0
H&M,ONE-SHOULDER MESH TOP,129.0
H&M,INTERLOCK TOP,199.0
H&M,OVERSIZED COTTON T-SHIRT,129.0
H&M,COTTON T-SHIRT,79.0
H&M,GATHERED COTTON JERSEY TOP,99.0
H&M,FITTED T-SHIRT,49.0
H&M,LONG-SLEEVED MICROFIBRE TOP,129.0
H&M,RIB-KNIT PEPLUM TOP,179.0
H&M,FINE-KNIT T-SHIRT,159.0
H&M,RIB-KNIT VEST TOP,99.0
H&M,LONG-SLEEVED JERSEY TOP,129.0
H&M,PICOT-TRIMMED RIBBED T-SHIRT,79.0
H&M,TURTLENECK TOP,79.0
H&M,LONG WAISTCOAT,349.0
H&M,RIBBED BOAT-NECK TOP,229.0
H&M,DENIM DRESS,1190.0
H&M,LONG-SLEEVED WRAP DRESS,449.0
H&M,KNOT-DETAIL BANDEAU DRESS,449.0
H&M,OFF-THE-SHOULDER COTTON DRESS,449.0
H&M,RIB-KNIT DRESS,299.0
H&M,FLARED-SKIRT LACE DRESS,349.0
H&M,FLARED-SKIRT DRESS,229.0
H&M,COTTON DRESS,229.0
H&M,CAP-SLEEVED JERSEY DRESS,249.0
H&M,BUBBLE-HEM DRESS,299.0
H&M,SCALLOPED MINI DRESS,229.0
H&M,FLARED-SKIRT DENIM DRESS,299.0
H&M,BRODERIE ANGLAISE COTTON DRESS,549.0
H&M,TIE-STRAP MAXI DRESS,249.0
H&M,SMOCKED-BODICE COTTON DRESS,299.0
H&M,LONG BUTTON-FRONT DRESS,449.0
H&M,LINEN-BLEND WRAP DRESS,449.0
H&M,SLEEVELESS DRESS,449.0
H&M,PLEATED BANDEAU DRESS,599.0
H&M,FLOUNCED OFF-THE-SHOULDER DRESS,449.0
H&M,TIE-BELT SHIRT DRESS,299.0
H&M,PUFF-SLEEVED DRESS,199.0
H&M,FRILL-TRIMMED COTTON DRESS,299.0
H&M,BUBBLE-HEM COTTON DRESS,249.0
H&M,OPEN-BACK MOHAIR-BLEND DRESS,899.0
H&M,JACQUARD-KNIT MERINO WOOL-BLEND DRESS,699.0
H&M,TIE-DETAIL DRESS,799.0
H&M,SEQUINED OPEN-BACK DRESS,549.0
H&M,PUFF-SLEEVED SATIN DRESS,449.0
H&M,CABLE-KNIT DRESS,379.0
H&M,KNITTED DRESS,299.0
H&M,RIB-KNIT OFF-THE-SHOULDER DRESS,299.0
H&M,PLEATED CHIFFON SKIRT,349.0
H&M,A-LINE DENIM SKIRT,449.0
H&M,LACE-TRIMMED VISCOSE SKIRT,299.0
H&M,A-LINE DENIM MINI SKIRT,249.0
H&M,PLEATED SKIRT,199.0
H&M,CIRCLE-CUT TENNIS SKIRT WITH DRYMOVE™,199.0
H&M,FLARED SLIP SKIRT,159.0
H&M,PLEATED MINI SKORT,229.0
H&M,SEQUINED SKIRT,199.0
H&M,MINI SKIRT,159.0
H&M,SHEER PLEATED SKIRT,349.0
H&M,A-LINE KNITTED SKIRT,229.0
H&M,ASYMMETRIC VISCOSE SATIN SKIRT,449.0
H&M,PLEATED MIDI SKIRT,379.0
H&M,BOW-DETAIL SATIN SKIRT,349.0
H&M,BOW-FRONT SKIRT,349.0
H&M,FLARED SKIRT,349.0
H&M,SATIN TWILL SKIRT,349.0
H&M,BOW-FRONT MINI SKIRT,229.0
H&M,MAMA LACE-TRIMMED SATIN SKIRT,349.0
H&M,MIDI SKIRT,249.0
H&M,SEQUINED MINI SKIRT,249.0
H&M,FLARED MINI SKIRT,199.0
H&M,DRAPED SKIRT,449.0
H&M,MAMA SATIN SLIP SKIRT,349.0
H&M,JERSEY PENCIL SKIRT,199.0
H&M,DRAWSTRING-DETAIL SKIRT,159.0
H&M,BALLOON-LEG TROUSERS,549.0
H&M,PLEAT-FRONT SWEATPANTS,229.0
H&M,FOUR-WAY STRETCH WIDE TROUSERS,349.0
H&M,FOLDOVER-WAIST SPORTS TROUSERS,249.0
H&M,COATED LEGGINGS,199.0
H&M,WIDE TROUSERS,299.0
H&M,DRAWSTRING TWILL TROUSERS,159.0
H&M,WIDE JERSEY TROUSERS,229.0
H&M,BOOTCUT CORDUROY TROUSERS,299.0
H&M,FLARED VELVET TROUSERS,349.0
H&M,FLARED TROUSERS,299.0
H&M,STRAIGHT TROUSERS,249.0
H&M,SPORTS LEGGINGS WITH SHAPEMOVE™,299.0
H&M,FLARED CREASE-FRONT TROUSERS,199.0
H&M,HIGH-WAISTED TAILORED TROUSERS,199.0
H&M,WIDE DRAWSTRING TROUSERS,229.0
